<?xml version="1.0" encoding="utf-8"?>
<!DOCTYPE score-partwise
  PUBLIC '-//Recordare//DTD MusicXML 2.0 Partwise//EN'
  'http://www.musicxml.org/dtds/partwise.dtd'>
<score-partwise>
  <movement-title>Music21 Fragment</movement-title>
  <identification>
    <creator type="composer">Music21</creator>
    <encoding>
      <encoding-date>2017-11-20</encoding-date>
      <software>Music21</software>
      </encoding>
    </identification>
  <defaults>
    <scaling>
      <millimeters>7</millimeters>
      <tenths>40</tenths>
      </scaling>
    </defaults>
  <part-list>
    <score-part id="Pcaf14c3ced7c57c7437254d975efcdb3">
      <part-name />
      </score-part>
    </part-list>
  <part id="Pcaf14c3ced7c57c7437254d975efcdb3">
    <measure number="19">
      <attributes>
        <divisions>10080</divisions>
        <key>
          <fifths>-1</fifths>
          <mode>minor</mode>
          </key>
        <time>
          <beats>3</beats>
          <beat-type>8</beat-type>
          </time>
        <clef>
          <sign>G</sign>
          <line>2</line>
          </clef>
        </attributes>
      <note>
        <pitch>
          <step>C</step>
          <octave>5</octave>
          </pitch>
        <duration>15120</duration>
        <tie type="start" />
        <type>quarter</type>
        <dot />
        <notations>
          <tied type="start" />
          </notations>
        </note>
      </measure>
    <measure number="20">
      <attributes />
      <note>
        <pitch>
          <step>C</step>
          <octave>5</octave>
          </pitch>
        <duration>15120</duration>
        <tie type="stop" />
        <tie type="start" />
        <type>quarter</type>
        <dot />
        <notations>
          <tied type="stop" />
          <tied type="start" />
          </notations>
        </note>
      </measure>
    </part>
  </score-partwise>
