<?xml version="1.0" encoding="utf-8"?>
<!DOCTYPE score-partwise
  PUBLIC '-//Recordare//DTD MusicXML 2.0 Partwise//EN'
  'http://www.musicxml.org/dtds/partwise.dtd'>
<score-partwise>
  <movement-title>Music21 Fragment</movement-title>
  <identification>
    <creator type="composer">Music21</creator>
    <encoding>
      <encoding-date>2017-11-20</encoding-date>
      <software>Music21</software>
      </encoding>
    </identification>
  <defaults>
    <scaling>
      <millimeters>7</millimeters>
      <tenths>40</tenths>
      </scaling>
    </defaults>
  <part-list>
    <score-part id="P831c843a3ff8ef34793afdf7707ec1c4">
      <part-name>Harpsichord</part-name>
      <part-abbreviation>Hpschd</part-abbreviation>
      <score-instrument id="I08ebe36bf68da6ac62e9bd085b447a58">
        <instrument-name>Harpsichord</instrument-name>
        <instrument-abbreviation>Hpschd</instrument-abbreviation>
        </score-instrument>
      <midi-instrument id="I08ebe36bf68da6ac62e9bd085b447a58">
        <midi-channel>1</midi-channel>
        <midi-program>7</midi-program>
        </midi-instrument>
      </score-part>
    </part-list>
  <part id="P831c843a3ff8ef34793afdf7707ec1c4">
    <measure number="17">
      <attributes>
        <divisions>10080</divisions>
        <key>
          <fifths>-2</fifths>
          <mode>major</mode>
          </key>
        <time>
          <beats>4</beats>
          <beat-type>4</beat-type>
          </time>
        <clef>
          <sign>G</sign>
          <line>2</line>
          </clef>
        </attributes>
      <note>
        <pitch>
          <step>F</step>
          <octave>5</octave>
          </pitch>
        <duration>2520</duration>
        <type>16th</type>
        <beam number="1">begin</beam>
        <beam number="2">begin</beam>
        </note>
      <note>
        <pitch>
          <step>D</step>
          <octave>5</octave>
          </pitch>
        <duration>2520</duration>
        <type>16th</type>
        <beam number="1">continue</beam>
        <beam number="2">end</beam>
        </note>
      <note>
        <pitch>
          <step>B</step>
          <alter>-1</alter>
          <octave>5</octave>
          </pitch>
        <duration>2520</duration>
        <type>16th</type>
        <accidental>flat</accidental>
        <beam number="1">continue</beam>
        <beam number="2">begin</beam>
        </note>
      <note>
        <pitch>
          <step>F</step>
          <octave>5</octave>
          </pitch>
        <duration>2520</duration>
        <type>16th</type>
        <beam number="1">end</beam>
        <beam number="2">end</beam>
        </note>
      <note>
        <pitch>
          <step>D</step>
          <octave>5</octave>
          </pitch>
        <duration>2520</duration>
        <type>16th</type>
        </note>
      <note>
        <pitch>
          <step>F</step>
          <octave>5</octave>
          </pitch>
        <duration>0</duration>
        <type>zero</type>
        </note>
      <note>
        <rest />
        <duration>840</duration>
        <type>32nd</type>
        <time-modification>
          <actual-notes>3</actual-notes>
          <normal-notes>2</normal-notes>
          <normal-type>32nd</normal-type>
          </time-modification>
        <notations>
          <tuplet bracket="no" number="1" placement="above" type="start">
            <tuplet-actual>
              <tuplet-number>3</tuplet-number>
              <tuplet-type>32nd</tuplet-type>
              </tuplet-actual>
            <tuplet-normal>
              <tuplet-number>2</tuplet-number>
              <tuplet-type>32nd</tuplet-type>
              </tuplet-normal>
            </tuplet>
          <tuplet number="1" type="stop" />
          </notations>
        </note>
      <note>
        <pitch>
          <step>E</step>
          <alter>-1</alter>
          <octave>5</octave>
          </pitch>
        <duration>0</duration>
        <type>zero</type>
        <accidental>flat</accidental>
        </note>
      <note>
        <rest />
        <duration>1680</duration>
        <type>16th</type>
        <time-modification>
          <actual-notes>3</actual-notes>
          <normal-notes>2</normal-notes>
          <normal-type>16th</normal-type>
          </time-modification>
        <notations>
          <tuplet bracket="no" number="1" placement="above" type="start">
            <tuplet-actual>
              <tuplet-number>3</tuplet-number>
              <tuplet-type>16th</tuplet-type>
              </tuplet-actual>
            <tuplet-normal>
              <tuplet-number>2</tuplet-number>
              <tuplet-type>16th</tuplet-type>
              </tuplet-normal>
            </tuplet>
          <tuplet number="1" type="stop" />
          </notations>
        </note>
      <note>
        <pitch>
          <step>D</step>
          <octave>5</octave>
          </pitch>
        <duration>0</duration>
        <type>zero</type>
        </note>
      <note>
        <rest />
        <duration>1680</duration>
        <type>16th</type>
        <time-modification>
          <actual-notes>3</actual-notes>
          <normal-notes>2</normal-notes>
          <normal-type>16th</normal-type>
          </time-modification>
        <notations>
          <tuplet bracket="no" number="1" placement="above" type="start">
            <tuplet-actual>
              <tuplet-number>3</tuplet-number>
              <tuplet-type>16th</tuplet-type>
              </tuplet-actual>
            <tuplet-normal>
              <tuplet-number>2</tuplet-number>
              <tuplet-type>16th</tuplet-type>
              </tuplet-normal>
            </tuplet>
          <tuplet number="1" type="stop" />
          </notations>
        </note>
      <note>
        <pitch>
          <step>E</step>
          <alter>-1</alter>
          <octave>5</octave>
          </pitch>
        <duration>0</duration>
        <type>zero</type>
        <accidental>flat</accidental>
        </note>
      <note>
        <rest />
        <duration>840</duration>
        <type>32nd</type>
        <time-modification>
          <actual-notes>3</actual-notes>
          <normal-notes>2</normal-notes>
          <normal-type>32nd</normal-type>
          </time-modification>
        <notations>
          <tuplet bracket="no" number="1" placement="above" type="start">
            <tuplet-actual>
              <tuplet-number>3</tuplet-number>
              <tuplet-type>32nd</tuplet-type>
              </tuplet-actual>
            <tuplet-normal>
              <tuplet-number>2</tuplet-number>
              <tuplet-type>32nd</tuplet-type>
              </tuplet-normal>
            </tuplet>
          <tuplet number="1" type="stop" />
          </notations>
        </note>
      <note>
        <pitch>
          <step>F</step>
          <octave>5</octave>
          </pitch>
        <duration>2520</duration>
        <type>16th</type>
        </note>
      <note>
        <pitch>
          <step>B</step>
          <alter>-1</alter>
          <octave>4</octave>
          </pitch>
        <duration>2520</duration>
        <type>16th</type>
        <accidental>flat</accidental>
        <beam number="1">begin</beam>
        <beam number="2">begin</beam>
        </note>
      <note>
        <pitch>
          <step>E</step>
          <alter>-1</alter>
          <octave>5</octave>
          </pitch>
        <duration>2520</duration>
        <type>16th</type>
        <accidental>flat</accidental>
        <beam number="1">continue</beam>
        <beam number="2">end</beam>
        </note>
      <note>
        <pitch>
          <step>B</step>
          <alter>-1</alter>
          <octave>4</octave>
          </pitch>
        <duration>2520</duration>
        <type>16th</type>
        <accidental>flat</accidental>
        <beam number="1">continue</beam>
        <beam number="2">begin</beam>
        </note>
      <note>
        <pitch>
          <step>E</step>
          <alter>-1</alter>
          <octave>5</octave>
          </pitch>
        <duration>2520</duration>
        <type>16th</type>
        <accidental>flat</accidental>
        <beam number="1">end</beam>
        <beam number="2">end</beam>
        </note>
      <note>
        <pitch>
          <step>G</step>
          <octave>4</octave>
          </pitch>
        <duration>2520</duration>
        <type>16th</type>
        </note>
      <note>
        <pitch>
          <step>E</step>
          <alter>-1</alter>
          <octave>4</octave>
          </pitch>
        <duration>0</duration>
        <type>zero</type>
        <accidental>flat</accidental>
        </note>
      <note>
        <rest />
        <duration>840</duration>
        <type>32nd</type>
        <time-modification>
          <actual-notes>3</actual-notes>
          <normal-notes>2</normal-notes>
          <normal-type>32nd</normal-type>
          </time-modification>
        <notations>
          <tuplet bracket="no" number="1" placement="above" type="start">
            <tuplet-actual>
              <tuplet-number>3</tuplet-number>
              <tuplet-type>32nd</tuplet-type>
              </tuplet-actual>
            <tuplet-normal>
              <tuplet-number>2</tuplet-number>
              <tuplet-type>32nd</tuplet-type>
              </tuplet-normal>
            </tuplet>
          <tuplet number="1" type="stop" />
          </notations>
        </note>
      <note>
        <pitch>
          <step>F</step>
          <octave>4</octave>
          </pitch>
        <duration>0</duration>
        <type>zero</type>
        </note>
      <note>
        <rest />
        <duration>1680</duration>
        <type>16th</type>
        <time-modification>
          <actual-notes>3</actual-notes>
          <normal-notes>2</normal-notes>
          <normal-type>16th</normal-type>
          </time-modification>
        <notations>
          <tuplet bracket="no" number="1" placement="above" type="start">
            <tuplet-actual>
              <tuplet-number>3</tuplet-number>
              <tuplet-type>16th</tuplet-type>
              </tuplet-actual>
            <tuplet-normal>
              <tuplet-number>2</tuplet-number>
              <tuplet-type>16th</tuplet-type>
              </tuplet-normal>
            </tuplet>
          <tuplet number="1" type="stop" />
          </notations>
        </note>
      <note>
        <pitch>
          <step>G</step>
          <octave>4</octave>
          </pitch>
        <duration>0</duration>
        <type>zero</type>
        </note>
      <note>
        <rest />
        <duration>1680</duration>
        <type>16th</type>
        <time-modification>
          <actual-notes>3</actual-notes>
          <normal-notes>2</normal-notes>
          <normal-type>16th</normal-type>
          </time-modification>
        <notations>
          <tuplet bracket="no" number="1" placement="above" type="start">
            <tuplet-actual>
              <tuplet-number>3</tuplet-number>
              <tuplet-type>16th</tuplet-type>
              </tuplet-actual>
            <tuplet-normal>
              <tuplet-number>2</tuplet-number>
              <tuplet-type>16th</tuplet-type>
              </tuplet-normal>
            </tuplet>
          <tuplet number="1" type="stop" />
          </notations>
        </note>
      <note>
        <pitch>
          <step>F</step>
          <octave>4</octave>
          </pitch>
        <duration>0</duration>
        <type>zero</type>
        </note>
      <note>
        <rest />
        <duration>840</duration>
        <type>32nd</type>
        <time-modification>
          <actual-notes>3</actual-notes>
          <normal-notes>2</normal-notes>
          <normal-type>32nd</normal-type>
          </time-modification>
        <notations>
          <tuplet bracket="no" number="1" placement="above" type="start">
            <tuplet-actual>
              <tuplet-number>3</tuplet-number>
              <tuplet-type>32nd</tuplet-type>
              </tuplet-actual>
            <tuplet-normal>
              <tuplet-number>2</tuplet-number>
              <tuplet-type>32nd</tuplet-type>
              </tuplet-normal>
            </tuplet>
          <tuplet number="1" type="stop" />
          </notations>
        </note>
      <note>
        <pitch>
          <step>E</step>
          <alter>-1</alter>
          <octave>4</octave>
          </pitch>
        <duration>2520</duration>
        <type>16th</type>
        <accidental>flat</accidental>
        </note>
      </measure>
    <measure number="18">
      <attributes />
      <note>
        <pitch>
          <step>B</step>
          <alter>-1</alter>
          <octave>4</octave>
          </pitch>
        <duration>2520</duration>
        <type>16th</type>
        <accidental>flat</accidental>
        <beam number="1">begin</beam>
        <beam number="2">begin</beam>
        </note>
      <note>
        <pitch>
          <step>G</step>
          <octave>4</octave>
          </pitch>
        <duration>2520</duration>
        <type>16th</type>
        <beam number="1">continue</beam>
        <beam number="2">end</beam>
        </note>
      <note>
        <pitch>
          <step>E</step>
          <alter>-1</alter>
          <octave>5</octave>
          </pitch>
        <duration>2520</duration>
        <type>16th</type>
        <accidental>flat</accidental>
        <beam number="1">continue</beam>
        <beam number="2">begin</beam>
        </note>
      <note>
        <pitch>
          <step>B</step>
          <alter>-1</alter>
          <octave>4</octave>
          </pitch>
        <duration>2520</duration>
        <type>16th</type>
        <accidental>flat</accidental>
        <beam number="1">end</beam>
        <beam number="2">end</beam>
        </note>
      <note>
        <pitch>
          <step>G</step>
          <octave>4</octave>
          </pitch>
        <duration>2520</duration>
        <type>16th</type>
        </note>
      <note>
        <pitch>
          <step>B</step>
          <alter>-1</alter>
          <octave>4</octave>
          </pitch>
        <duration>0</duration>
        <type>zero</type>
        <accidental>flat</accidental>
        </note>
      <note>
        <rest />
        <duration>840</duration>
        <type>32nd</type>
        <time-modification>
          <actual-notes>3</actual-notes>
          <normal-notes>2</normal-notes>
          <normal-type>32nd</normal-type>
          </time-modification>
        <notations>
          <tuplet bracket="no" number="1" placement="above" type="start">
            <tuplet-actual>
              <tuplet-number>3</tuplet-number>
              <tuplet-type>32nd</tuplet-type>
              </tuplet-actual>
            <tuplet-normal>
              <tuplet-number>2</tuplet-number>
              <tuplet-type>32nd</tuplet-type>
              </tuplet-normal>
            </tuplet>
          <tuplet number="1" type="stop" />
          </notations>
        </note>
      <note>
        <pitch>
          <step>G</step>
          <alter>1</alter>
          <octave>4</octave>
          </pitch>
        <duration>0</duration>
        <type>zero</type>
        <accidental>sharp</accidental>
        </note>
      <note>
        <rest />
        <duration>1680</duration>
        <type>16th</type>
        <time-modification>
          <actual-notes>3</actual-notes>
          <normal-notes>2</normal-notes>
          <normal-type>16th</normal-type>
          </time-modification>
        <notations>
          <tuplet bracket="no" number="1" placement="above" type="start">
            <tuplet-actual>
              <tuplet-number>3</tuplet-number>
              <tuplet-type>16th</tuplet-type>
              </tuplet-actual>
            <tuplet-normal>
              <tuplet-number>2</tuplet-number>
              <tuplet-type>16th</tuplet-type>
              </tuplet-normal>
            </tuplet>
          <tuplet number="1" type="stop" />
          </notations>
        </note>
      <note>
        <pitch>
          <step>G</step>
          <alter>0</alter>
          <octave>4</octave>
          </pitch>
        <duration>0</duration>
        <type>zero</type>
        <accidental>natural</accidental>
        </note>
      <note>
        <rest />
        <duration>1680</duration>
        <type>16th</type>
        <time-modification>
          <actual-notes>3</actual-notes>
          <normal-notes>2</normal-notes>
          <normal-type>16th</normal-type>
          </time-modification>
        <notations>
          <tuplet bracket="no" number="1" placement="above" type="start">
            <tuplet-actual>
              <tuplet-number>3</tuplet-number>
              <tuplet-type>16th</tuplet-type>
              </tuplet-actual>
            <tuplet-normal>
              <tuplet-number>2</tuplet-number>
              <tuplet-type>16th</tuplet-type>
              </tuplet-normal>
            </tuplet>
          <tuplet number="1" type="stop" />
          </notations>
        </note>
      <note>
        <pitch>
          <step>G</step>
          <alter>1</alter>
          <octave>4</octave>
          </pitch>
        <duration>0</duration>
        <type>zero</type>
        <accidental>sharp</accidental>
        </note>
      <note>
        <rest />
        <duration>840</duration>
        <type>32nd</type>
        <time-modification>
          <actual-notes>3</actual-notes>
          <normal-notes>2</normal-notes>
          <normal-type>32nd</normal-type>
          </time-modification>
        <notations>
          <tuplet bracket="no" number="1" placement="above" type="start">
            <tuplet-actual>
              <tuplet-number>3</tuplet-number>
              <tuplet-type>32nd</tuplet-type>
              </tuplet-actual>
            <tuplet-normal>
              <tuplet-number>2</tuplet-number>
              <tuplet-type>32nd</tuplet-type>
              </tuplet-normal>
            </tuplet>
          <tuplet number="1" type="stop" />
          </notations>
        </note>
      <note>
        <pitch>
          <step>B</step>
          <alter>-1</alter>
          <octave>4</octave>
          </pitch>
        <duration>2520</duration>
        <type>16th</type>
        <accidental>flat</accidental>
        </note>
      <note>
        <pitch>
          <step>E</step>
          <alter>-1</alter>
          <octave>4</octave>
          </pitch>
        <duration>5040</duration>
        <type>eighth</type>
        <accidental>flat</accidental>
        <beam number="1">begin</beam>
        </note>
      <note>
        <pitch>
          <step>E</step>
          <alter>-1</alter>
          <octave>5</octave>
          </pitch>
        <duration>7560</duration>
        <type>eighth</type>
        <dot />
        <accidental>flat</accidental>
        <beam number="1">end</beam>
        </note>
      <note>
        <pitch>
          <step>E</step>
          <alter>-1</alter>
          <octave>5</octave>
          </pitch>
        <duration>0</duration>
        <type>zero</type>
        </note>
      <note>
        <rest />
        <duration>840</duration>
        <type>32nd</type>
        <time-modification>
          <actual-notes>3</actual-notes>
          <normal-notes>2</normal-notes>
          <normal-type>32nd</normal-type>
          </time-modification>
        <notations>
          <tuplet bracket="no" number="1" placement="above" type="start">
            <tuplet-actual>
              <tuplet-number>3</tuplet-number>
              <tuplet-type>32nd</tuplet-type>
              </tuplet-actual>
            <tuplet-normal>
              <tuplet-number>2</tuplet-number>
              <tuplet-type>32nd</tuplet-type>
              </tuplet-normal>
            </tuplet>
          <tuplet number="1" type="stop" />
          </notations>
        </note>
      <note>
        <pitch>
          <step>D</step>
          <octave>5</octave>
          </pitch>
        <duration>0</duration>
        <type>zero</type>
        </note>
      <note>
        <rest />
        <duration>1680</duration>
        <type>16th</type>
        <time-modification>
          <actual-notes>3</actual-notes>
          <normal-notes>2</normal-notes>
          <normal-type>16th</normal-type>
          </time-modification>
        <notations>
          <tuplet bracket="no" number="1" placement="above" type="start">
            <tuplet-actual>
              <tuplet-number>3</tuplet-number>
              <tuplet-type>16th</tuplet-type>
              </tuplet-actual>
            <tuplet-normal>
              <tuplet-number>2</tuplet-number>
              <tuplet-type>16th</tuplet-type>
              </tuplet-normal>
            </tuplet>
          <tuplet number="1" type="stop" />
          </notations>
        </note>
      <note>
        <pitch>
          <step>C</step>
          <octave>5</octave>
          </pitch>
        <duration>0</duration>
        <type>zero</type>
        </note>
      <note>
        <rest />
        <duration>1680</duration>
        <type>16th</type>
        <time-modification>
          <actual-notes>3</actual-notes>
          <normal-notes>2</normal-notes>
          <normal-type>16th</normal-type>
          </time-modification>
        <notations>
          <tuplet bracket="no" number="1" placement="above" type="start">
            <tuplet-actual>
              <tuplet-number>3</tuplet-number>
              <tuplet-type>16th</tuplet-type>
              </tuplet-actual>
            <tuplet-normal>
              <tuplet-number>2</tuplet-number>
              <tuplet-type>16th</tuplet-type>
              </tuplet-normal>
            </tuplet>
          <tuplet number="1" type="stop" />
          </notations>
        </note>
      <note>
        <pitch>
          <step>D</step>
          <octave>5</octave>
          </pitch>
        <duration>0</duration>
        <type>zero</type>
        </note>
      <note>
        <rest />
        <duration>840</duration>
        <type>32nd</type>
        <time-modification>
          <actual-notes>3</actual-notes>
          <normal-notes>2</normal-notes>
          <normal-type>32nd</normal-type>
          </time-modification>
        <notations>
          <tuplet bracket="no" number="1" placement="above" type="start">
            <tuplet-actual>
              <tuplet-number>3</tuplet-number>
              <tuplet-type>32nd</tuplet-type>
              </tuplet-actual>
            <tuplet-normal>
              <tuplet-number>2</tuplet-number>
              <tuplet-type>32nd</tuplet-type>
              </tuplet-normal>
            </tuplet>
          <tuplet number="1" type="stop" />
          </notations>
        </note>
      <note>
        <pitch>
          <step>E</step>
          <alter>-1</alter>
          <octave>5</octave>
          </pitch>
        <duration>2520</duration>
        <type>16th</type>
        <accidental>flat</accidental>
        </note>
      </measure>
    </part>
  </score-partwise>
