<?xml version="1.0" encoding="utf-8"?>
<!DOCTYPE score-partwise
  PUBLIC '-//Recordare//DTD MusicXML 2.0 Partwise//EN'
  'http://www.musicxml.org/dtds/partwise.dtd'>
<score-partwise>
  <movement-title>Music21 Fragment</movement-title>
  <identification>
    <creator type="composer">Music21</creator>
    <encoding>
      <encoding-date>2017-11-20</encoding-date>
      <software>Music21</software>
      </encoding>
    </identification>
  <defaults>
    <scaling>
      <millimeters>7</millimeters>
      <tenths>40</tenths>
      </scaling>
    </defaults>
  <part-list>
    <score-part id="P616e697d5211d6c8c4a3736a861a95bd">
      <part-name />
      </score-part>
    </part-list>
  <part id="P616e697d5211d6c8c4a3736a861a95bd">
    <measure number="11">
      <attributes>
        <divisions>10080</divisions>
        <key>
          <fifths>-1</fifths>
          <mode>major</mode>
          </key>
        <time>
          <beats>3</beats>
          <beat-type>4</beat-type>
          </time>
        <clef>
          <sign>G</sign>
          <line>2</line>
          </clef>
        </attributes>
      <note>
        <pitch>
          <step>F</step>
          <octave>4</octave>
          </pitch>
        <duration>5040</duration>
        <type>eighth</type>
        <beam number="1">begin</beam>
        </note>
      <note>
        <pitch>
          <step>C</step>
          <octave>5</octave>
          </pitch>
        <duration>5040</duration>
        <type>eighth</type>
        <beam number="1">end</beam>
        </note>
      <note>
        <pitch>
          <step>E</step>
          <octave>4</octave>
          </pitch>
        <duration>5040</duration>
        <type>eighth</type>
        <beam number="1">begin</beam>
        </note>
      <note>
        <pitch>
          <step>C</step>
          <octave>5</octave>
          </pitch>
        <duration>5040</duration>
        <type>eighth</type>
        <beam number="1">end</beam>
        </note>
      <note>
        <pitch>
          <step>D</step>
          <octave>4</octave>
          </pitch>
        <duration>5040</duration>
        <type>eighth</type>
        <beam number="1">begin</beam>
        </note>
      <note>
        <pitch>
          <step>B</step>
          <alter>0</alter>
          <octave>4</octave>
          </pitch>
        <duration>5040</duration>
        <type>eighth</type>
        <accidental>natural</accidental>
        <beam number="1">end</beam>
        </note>
      </measure>
    <measure number="12">
      <attributes />
      <note>
        <pitch>
          <step>C</step>
          <octave>5</octave>
          </pitch>
        <duration>10080</duration>
        <type>quarter</type>
        </note>
      <note>
        <rest />
        <duration>20160</duration>
        <type>half</type>
        </note>
      </measure>
    </part>
  </score-partwise>
