<?xml version="1.0" encoding="utf-8"?>
<!DOCTYPE score-partwise
  PUBLIC '-//Recordare//DTD MusicXML 2.0 Partwise//EN'
  'http://www.musicxml.org/dtds/partwise.dtd'>
<score-partwise>
  <movement-title>Music21 Fragment</movement-title>
  <identification>
    <creator type="composer">Music21</creator>
    <encoding>
      <encoding-date>2017-11-20</encoding-date>
      <software>Music21</software>
      </encoding>
    </identification>
  <defaults>
    <scaling>
      <millimeters>7</millimeters>
      <tenths>40</tenths>
      </scaling>
    </defaults>
  <part-list>
    <score-part id="P7dffbbf6ecd98064460e543fca26876d">
      <part-name>Harpsichord</part-name>
      <part-abbreviation>Hpschd</part-abbreviation>
      <score-instrument id="I3fc4a638988431a16d2614c40f85675f">
        <instrument-name>Harpsichord</instrument-name>
        <instrument-abbreviation>Hpschd</instrument-abbreviation>
        </score-instrument>
      <midi-instrument id="I3fc4a638988431a16d2614c40f85675f">
        <midi-channel>1</midi-channel>
        <midi-program>7</midi-program>
        </midi-instrument>
      </score-part>
    </part-list>
  <part id="P7dffbbf6ecd98064460e543fca26876d">
    <measure number="21">
      <attributes>
        <divisions>10080</divisions>
        <key>
          <fifths>1</fifths>
          <mode>major</mode>
          </key>
        <time>
          <beats>9</beats>
          <beat-type>8</beat-type>
          </time>
        <clef>
          <sign>G</sign>
          <line>2</line>
          </clef>
        </attributes>
      </measure>
    <measure number="22">
      <attributes />
      <note>
        <pitch>
          <step>B</step>
          <octave>4</octave>
          </pitch>
        <duration>40320</duration>
        <tie type="start" />
        <type>whole</type>
        <notations>
          <tied type="start" />
          </notations>
        </note>
      <note>
        <pitch>
          <step>B</step>
          <octave>4</octave>
          </pitch>
        <duration>5040</duration>
        <tie type="stop" />
        <tie type="start" />
        <type>eighth</type>
        <notations>
          <tied type="stop" />
          <tied type="start" />
          </notations>
        </note>
      </measure>
    </part>
  </score-partwise>
