<?xml version="1.0" encoding="utf-8"?>
<!DOCTYPE score-partwise
  PUBLIC '-//Recordare//DTD MusicXML 2.0 Partwise//EN'
  'http://www.musicxml.org/dtds/partwise.dtd'>
<score-partwise>
  <movement-title>Music21 Fragment</movement-title>
  <identification>
    <creator type="composer">Music21</creator>
    <encoding>
      <encoding-date>2017-11-20</encoding-date>
      <software>Music21</software>
      </encoding>
    </identification>
  <defaults>
    <scaling>
      <millimeters>7</millimeters>
      <tenths>40</tenths>
      </scaling>
    </defaults>
  <part-list>
    <score-part id="P4c67aed82d4a96a99c03a65b61972445">
      <part-name>Harpsichord</part-name>
      <part-abbreviation>Hpschd</part-abbreviation>
      <score-instrument id="I87d705dd55b9342499fa646b959c4e98">
        <instrument-name>Harpsichord</instrument-name>
        <instrument-abbreviation>Hpschd</instrument-abbreviation>
        </score-instrument>
      <midi-instrument id="I87d705dd55b9342499fa646b959c4e98">
        <midi-channel>1</midi-channel>
        <midi-program>7</midi-program>
        </midi-instrument>
      </score-part>
    </part-list>
  <part id="P4c67aed82d4a96a99c03a65b61972445">
    <measure number="5">
      <attributes>
        <divisions>10080</divisions>
        <key>
          <fifths>1</fifths>
          <mode>minor</mode>
          </key>
        <time>
          <beats>4</beats>
          <beat-type>4</beat-type>
          </time>
        <clef>
          <sign>G</sign>
          <line>2</line>
          </clef>
        </attributes>
      <note>
        <pitch>
          <step>E</step>
          <octave>5</octave>
          </pitch>
        <duration>2520</duration>
        <type>16th</type>
        <beam number="1">begin</beam>
        <beam number="2">begin</beam>
        </note>
      <note>
        <pitch>
          <step>F</step>
          <alter>1</alter>
          <octave>5</octave>
          </pitch>
        <duration>2520</duration>
        <type>16th</type>
        <accidental>sharp</accidental>
        <beam number="1">continue</beam>
        <beam number="2">end</beam>
        </note>
      <note>
        <pitch>
          <step>E</step>
          <octave>5</octave>
          </pitch>
        <duration>2520</duration>
        <type>16th</type>
        <beam number="1">continue</beam>
        <beam number="2">begin</beam>
        </note>
      <note>
        <pitch>
          <step>D</step>
          <octave>5</octave>
          </pitch>
        <duration>2520</duration>
        <type>16th</type>
        <beam number="1">end</beam>
        <beam number="2">end</beam>
        </note>
      <note>
        <pitch>
          <step>C</step>
          <octave>5</octave>
          </pitch>
        <duration>2520</duration>
        <type>16th</type>
        <beam number="1">begin</beam>
        <beam number="2">begin</beam>
        </note>
      <note>
        <pitch>
          <step>B</step>
          <octave>4</octave>
          </pitch>
        <duration>2520</duration>
        <type>16th</type>
        <beam number="1">continue</beam>
        <beam number="2">end</beam>
        </note>
      <note>
        <pitch>
          <step>A</step>
          <octave>4</octave>
          </pitch>
        <duration>2520</duration>
        <type>16th</type>
        <beam number="1">continue</beam>
        <beam number="2">begin</beam>
        </note>
      <note>
        <pitch>
          <step>G</step>
          <octave>4</octave>
          </pitch>
        <duration>2520</duration>
        <type>16th</type>
        <beam number="1">end</beam>
        <beam number="2">end</beam>
        </note>
      <note>
        <pitch>
          <step>C</step>
          <octave>5</octave>
          </pitch>
        <duration>2520</duration>
        <type>16th</type>
        <beam number="1">begin</beam>
        <beam number="2">begin</beam>
        </note>
      <note>
        <pitch>
          <step>B</step>
          <octave>4</octave>
          </pitch>
        <duration>2520</duration>
        <type>16th</type>
        <beam number="1">continue</beam>
        <beam number="2">end</beam>
        </note>
      <note>
        <pitch>
          <step>A</step>
          <octave>4</octave>
          </pitch>
        <duration>2520</duration>
        <type>16th</type>
        <beam number="1">continue</beam>
        <beam number="2">begin</beam>
        </note>
      <note>
        <pitch>
          <step>B</step>
          <octave>4</octave>
          </pitch>
        <duration>2520</duration>
        <type>16th</type>
        <beam number="1">end</beam>
        <beam number="2">end</beam>
        </note>
      <note>
        <pitch>
          <step>C</step>
          <octave>5</octave>
          </pitch>
        <duration>2520</duration>
        <type>16th</type>
        <beam number="1">begin</beam>
        <beam number="2">begin</beam>
        </note>
      <note>
        <pitch>
          <step>D</step>
          <octave>5</octave>
          </pitch>
        <duration>2520</duration>
        <type>16th</type>
        <beam number="1">continue</beam>
        <beam number="2">end</beam>
        </note>
      <note>
        <pitch>
          <step>E</step>
          <octave>5</octave>
          </pitch>
        <duration>2520</duration>
        <type>16th</type>
        <beam number="1">continue</beam>
        <beam number="2">begin</beam>
        </note>
      <note>
        <pitch>
          <step>F</step>
          <alter>1</alter>
          <octave>5</octave>
          </pitch>
        <duration>2520</duration>
        <type>16th</type>
        <accidental>sharp</accidental>
        <beam number="1">end</beam>
        <beam number="2">end</beam>
        </note>
      </measure>
    <measure number="6">
      <attributes />
      <note>
        <pitch>
          <step>G</step>
          <octave>5</octave>
          </pitch>
        <duration>2520</duration>
        <type>16th</type>
        <beam number="1">begin</beam>
        <beam number="2">begin</beam>
        </note>
      <note>
        <pitch>
          <step>F</step>
          <alter>1</alter>
          <octave>5</octave>
          </pitch>
        <duration>2520</duration>
        <type>16th</type>
        <accidental>sharp</accidental>
        <beam number="1">continue</beam>
        <beam number="2">end</beam>
        </note>
      <note>
        <pitch>
          <step>E</step>
          <octave>5</octave>
          </pitch>
        <duration>2520</duration>
        <type>16th</type>
        <beam number="1">continue</beam>
        <beam number="2">begin</beam>
        </note>
      <note>
        <pitch>
          <step>D</step>
          <octave>5</octave>
          </pitch>
        <duration>2520</duration>
        <type>16th</type>
        <beam number="1">end</beam>
        <beam number="2">end</beam>
        </note>
      <note>
        <pitch>
          <step>G</step>
          <octave>5</octave>
          </pitch>
        <duration>7560</duration>
        <type>eighth</type>
        <dot />
        <beam number="1">begin</beam>
        </note>
      <note>
        <pitch>
          <step>G</step>
          <octave>5</octave>
          </pitch>
        <duration>2520</duration>
        <type>16th</type>
        <beam number="1">end</beam>
        <beam number="2">backward hook</beam>
        </note>
      <note>
        <pitch>
          <step>G</step>
          <octave>5</octave>
          </pitch>
        <duration>2520</duration>
        <type>16th</type>
        <beam number="1">begin</beam>
        <beam number="2">begin</beam>
        </note>
      <note>
        <pitch>
          <step>F</step>
          <alter>1</alter>
          <octave>5</octave>
          </pitch>
        <duration>2520</duration>
        <type>16th</type>
        <accidental>sharp</accidental>
        <beam number="1">continue</beam>
        <beam number="2">end</beam>
        </note>
      <note>
        <pitch>
          <step>E</step>
          <octave>5</octave>
          </pitch>
        <duration>2520</duration>
        <type>16th</type>
        <beam number="1">continue</beam>
        <beam number="2">begin</beam>
        </note>
      <note>
        <pitch>
          <step>F</step>
          <alter>1</alter>
          <octave>5</octave>
          </pitch>
        <duration>2520</duration>
        <type>16th</type>
        <accidental>sharp</accidental>
        <beam number="1">end</beam>
        <beam number="2">end</beam>
        </note>
      <note>
        <pitch>
          <step>F</step>
          <alter>1</alter>
          <octave>5</octave>
          </pitch>
        <duration>7560</duration>
        <type>eighth</type>
        <dot />
        <beam number="1">begin</beam>
        </note>
      <note>
        <pitch>
          <step>G</step>
          <octave>5</octave>
          </pitch>
        <duration>2520</duration>
        <type>16th</type>
        <beam number="1">end</beam>
        <beam number="2">backward hook</beam>
        </note>
      </measure>
    </part>
  </score-partwise>
