<?xml version="1.0" encoding="utf-8"?>
<!DOCTYPE score-partwise
  PUBLIC '-//Recordare//DTD MusicXML 2.0 Partwise//EN'
  'http://www.musicxml.org/dtds/partwise.dtd'>
<score-partwise>
  <movement-title>Music21 Fragment</movement-title>
  <identification>
    <creator type="composer">Music21</creator>
    <encoding>
      <encoding-date>2017-11-20</encoding-date>
      <software>Music21</software>
      </encoding>
    </identification>
  <defaults>
    <scaling>
      <millimeters>7</millimeters>
      <tenths>40</tenths>
      </scaling>
    </defaults>
  <part-list>
    <score-part id="Pd530cf36f441816cb19d6fdb45b79aa7">
      <part-name>Harpsichord</part-name>
      <part-abbreviation>Hpschd</part-abbreviation>
      <score-instrument id="I8f5ef6cc8598773176dcf92d80b6880c">
        <instrument-name>Harpsichord</instrument-name>
        <instrument-abbreviation>Hpschd</instrument-abbreviation>
        </score-instrument>
      <midi-instrument id="I8f5ef6cc8598773176dcf92d80b6880c">
        <midi-channel>1</midi-channel>
        <midi-program>7</midi-program>
        </midi-instrument>
      </score-part>
    </part-list>
  <part id="Pd530cf36f441816cb19d6fdb45b79aa7">
    <measure number="27">
      <attributes>
        <divisions>10080</divisions>
        <key>
          <fifths>-3</fifths>
          <mode>minor</mode>
          </key>
        <time>
          <beats>4</beats>
          <beat-type>4</beat-type>
          </time>
        <clef>
          <sign>G</sign>
          <line>2</line>
          </clef>
        </attributes>
      <note>
        <pitch>
          <step>C</step>
          <octave>5</octave>
          </pitch>
        <duration>40320</duration>
        <type>whole</type>
        </note>
      <barline location="right">
        <bar-style>light-heavy</bar-style>
        </barline>
      </measure>
    </part>
  </score-partwise>
