<?xml version="1.0" encoding="utf-8"?>
<!DOCTYPE score-partwise
  PUBLIC '-//Recordare//DTD MusicXML 2.0 Partwise//EN'
  'http://www.musicxml.org/dtds/partwise.dtd'>
<score-partwise>
  <movement-title>Music21 Fragment</movement-title>
  <identification>
    <creator type="composer">Music21</creator>
    <encoding>
      <encoding-date>2017-11-20</encoding-date>
      <software>Music21</software>
      </encoding>
    </identification>
  <defaults>
    <scaling>
      <millimeters>7</millimeters>
      <tenths>40</tenths>
      </scaling>
    </defaults>
  <part-list>
    <score-part id="Pe546694eebcefb877b1580bc0ee7a0b1">
      <part-name>Harpsichord</part-name>
      <part-abbreviation>Hpschd</part-abbreviation>
      <score-instrument id="I4d7560578238f7cbc5f171a786dc5919">
        <instrument-name>Harpsichord</instrument-name>
        <instrument-abbreviation>Hpschd</instrument-abbreviation>
        </score-instrument>
      <midi-instrument id="I4d7560578238f7cbc5f171a786dc5919">
        <midi-channel>1</midi-channel>
        <midi-program>7</midi-program>
        </midi-instrument>
      </score-part>
    </part-list>
  <part id="Pe546694eebcefb877b1580bc0ee7a0b1">
    <measure number="5">
      <attributes>
        <divisions>10080</divisions>
        <time>
          <beats>4</beats>
          <beat-type>4</beat-type>
          </time>
        <clef>
          <sign>G</sign>
          <line>2</line>
          </clef>
        </attributes>
      <note>
        <pitch>
          <step>C</step>
          <octave>5</octave>
          </pitch>
        <duration>2520</duration>
        <type>16th</type>
        <beam number="1">begin</beam>
        <beam number="2">begin</beam>
        </note>
      <note>
        <pitch>
          <step>A</step>
          <octave>4</octave>
          </pitch>
        <duration>2520</duration>
        <type>16th</type>
        <beam number="1">continue</beam>
        <beam number="2">continue</beam>
        </note>
      <note>
        <pitch>
          <step>C</step>
          <octave>5</octave>
          </pitch>
        <duration>2520</duration>
        <type>16th</type>
        <beam number="1">end</beam>
        <beam number="2">end</beam>
        </note>
      <note>
        <pitch>
          <step>F</step>
          <octave>4</octave>
          </pitch>
        <duration>5040</duration>
        <type>eighth</type>
        <beam number="1">begin</beam>
        </note>
      <note>
        <pitch>
          <step>D</step>
          <octave>5</octave>
          </pitch>
        <duration>7560</duration>
        <type>eighth</type>
        <dot />
        <beam number="1">end</beam>
        </note>
      <note>
        <pitch>
          <step>B</step>
          <octave>4</octave>
          </pitch>
        <duration>2520</duration>
        <type>16th</type>
        <beam number="1">begin</beam>
        <beam number="2">begin</beam>
        </note>
      <note>
        <pitch>
          <step>G</step>
          <octave>4</octave>
          </pitch>
        <duration>2520</duration>
        <type>16th</type>
        <beam number="1">continue</beam>
        <beam number="2">continue</beam>
        </note>
      <note>
        <pitch>
          <step>B</step>
          <octave>4</octave>
          </pitch>
        <duration>2520</duration>
        <type>16th</type>
        <beam number="1">end</beam>
        <beam number="2">end</beam>
        </note>
      <note>
        <pitch>
          <step>E</step>
          <octave>4</octave>
          </pitch>
        <duration>5040</duration>
        <type>eighth</type>
        <beam number="1">begin</beam>
        </note>
      <note>
        <pitch>
          <step>C</step>
          <octave>5</octave>
          </pitch>
        <duration>5040</duration>
        <tie type="start" />
        <type>eighth</type>
        <beam number="1">end</beam>
        <notations>
          <tied type="start" />
          </notations>
        </note>
      </measure>
    <measure number="6">
      <attributes />
      <note>
        <pitch>
          <step>C</step>
          <octave>5</octave>
          </pitch>
        <duration>2520</duration>
        <tie type="stop" />
        <type>16th</type>
        <beam number="1">begin</beam>
        <beam number="2">begin</beam>
        <notations>
          <tied type="stop" />
          </notations>
        </note>
      <note>
        <pitch>
          <step>A</step>
          <octave>4</octave>
          </pitch>
        <duration>2520</duration>
        <type>16th</type>
        <beam number="1">continue</beam>
        <beam number="2">end</beam>
        </note>
      <note>
        <pitch>
          <step>F</step>
          <octave>4</octave>
          </pitch>
        <duration>2520</duration>
        <type>16th</type>
        <beam number="1">continue</beam>
        <beam number="2">begin</beam>
        </note>
      <note>
        <pitch>
          <step>A</step>
          <octave>4</octave>
          </pitch>
        <duration>2520</duration>
        <type>16th</type>
        <beam number="1">end</beam>
        <beam number="2">end</beam>
        </note>
      <note>
        <pitch>
          <step>D</step>
          <octave>4</octave>
          </pitch>
        <duration>5040</duration>
        <type>eighth</type>
        <beam number="1">begin</beam>
        </note>
      <note>
        <pitch>
          <step>B</step>
          <octave>4</octave>
          </pitch>
        <duration>5040</duration>
        <type>eighth</type>
        <beam number="1">end</beam>
        </note>
      <note>
        <pitch>
          <step>C</step>
          <octave>5</octave>
          </pitch>
        <duration>5040</duration>
        <type>eighth</type>
        </note>
      <note>
        <rest />
        <duration>15120</duration>
        <type>quarter</type>
        <dot />
        </note>
      </measure>
    </part>
  </score-partwise>
