<?xml version="1.0" encoding="utf-8"?>
<!DOCTYPE score-partwise
  PUBLIC '-//Recordare//DTD MusicXML 2.0 Partwise//EN'
  'http://www.musicxml.org/dtds/partwise.dtd'>
<score-partwise>
  <movement-title>Music21 Fragment</movement-title>
  <identification>
    <creator type="composer">Music21</creator>
    <encoding>
      <encoding-date>2017-11-20</encoding-date>
      <software>Music21</software>
      </encoding>
    </identification>
  <defaults>
    <scaling>
      <millimeters>7</millimeters>
      <tenths>40</tenths>
      </scaling>
    </defaults>
  <part-list>
    <score-part id="Pf21ced135945923e6b70f5f9bdfb5070">
      <part-name />
      </score-part>
    </part-list>
  <part id="Pf21ced135945923e6b70f5f9bdfb5070">
    <measure number="1">
      <attributes>
        <divisions>10080</divisions>
        <key>
          <fifths>-1</fifths>
          <mode>minor</mode>
          </key>
        <time>
          <beats>3</beats>
          <beat-type>8</beat-type>
          </time>
        <clef>
          <sign>G</sign>
          <line>2</line>
          </clef>
        </attributes>
      <direction>
        <direction-type>
          <metronome parentheses="no">
            <beat-unit>quarter</beat-unit>
            <per-minute>90</per-minute>
            </metronome>
          </direction-type>
        <sound tempo="90" />
        </direction>
      <note>
        <pitch>
          <step>D</step>
          <octave>4</octave>
          </pitch>
        <duration>2520</duration>
        <type>16th</type>
        <beam number="1">begin</beam>
        <beam number="2">begin</beam>
        </note>
      <note>
        <pitch>
          <step>E</step>
          <octave>4</octave>
          </pitch>
        <duration>2520</duration>
        <type>16th</type>
        <beam number="1">continue</beam>
        <beam number="2">continue</beam>
        </note>
      <note>
        <pitch>
          <step>F</step>
          <octave>4</octave>
          </pitch>
        <duration>2520</duration>
        <type>16th</type>
        <beam number="1">continue</beam>
        <beam number="2">continue</beam>
        </note>
      <note>
        <pitch>
          <step>G</step>
          <octave>4</octave>
          </pitch>
        <duration>2520</duration>
        <type>16th</type>
        <beam number="1">continue</beam>
        <beam number="2">continue</beam>
        </note>
      <note>
        <pitch>
          <step>A</step>
          <octave>4</octave>
          </pitch>
        <duration>2520</duration>
        <type>16th</type>
        <beam number="1">continue</beam>
        <beam number="2">continue</beam>
        </note>
      <note>
        <pitch>
          <step>B</step>
          <alter>-1</alter>
          <octave>4</octave>
          </pitch>
        <duration>2520</duration>
        <type>16th</type>
        <beam number="1">end</beam>
        <beam number="2">end</beam>
        </note>
      </measure>
    <measure number="2">
      <attributes />
      <note>
        <pitch>
          <step>C</step>
          <alter>1</alter>
          <octave>4</octave>
          </pitch>
        <duration>2520</duration>
        <type>16th</type>
        <accidental>sharp</accidental>
        <beam number="1">begin</beam>
        <beam number="2">begin</beam>
        </note>
      <note>
        <pitch>
          <step>B</step>
          <alter>-1</alter>
          <octave>4</octave>
          </pitch>
        <duration>2520</duration>
        <type>16th</type>
        <beam number="1">continue</beam>
        <beam number="2">continue</beam>
        </note>
      <note>
        <pitch>
          <step>A</step>
          <octave>4</octave>
          </pitch>
        <duration>2520</duration>
        <type>16th</type>
        <beam number="1">continue</beam>
        <beam number="2">continue</beam>
        </note>
      <note>
        <pitch>
          <step>G</step>
          <octave>4</octave>
          </pitch>
        <duration>2520</duration>
        <type>16th</type>
        <beam number="1">continue</beam>
        <beam number="2">continue</beam>
        </note>
      <note>
        <pitch>
          <step>F</step>
          <octave>4</octave>
          </pitch>
        <duration>2520</duration>
        <type>16th</type>
        <beam number="1">continue</beam>
        <beam number="2">continue</beam>
        </note>
      <note>
        <pitch>
          <step>E</step>
          <octave>4</octave>
          </pitch>
        <duration>2520</duration>
        <type>16th</type>
        <beam number="1">end</beam>
        <beam number="2">end</beam>
        </note>
      </measure>
    </part>
  </score-partwise>
