<?xml version="1.0" encoding="utf-8"?>
<!DOCTYPE score-partwise
  PUBLIC '-//Recordare//DTD MusicXML 2.0 Partwise//EN'
  'http://www.musicxml.org/dtds/partwise.dtd'>
<score-partwise>
  <movement-title>Music21 Fragment</movement-title>
  <identification>
    <creator type="composer">Music21</creator>
    <encoding>
      <encoding-date>2017-11-20</encoding-date>
      <software>Music21</software>
      </encoding>
    </identification>
  <defaults>
    <scaling>
      <millimeters>7</millimeters>
      <tenths>40</tenths>
      </scaling>
    </defaults>
  <part-list>
    <score-part id="Pad1aff7306365cca660e516946165a1e">
      <part-name />
      </score-part>
    </part-list>
  <part id="Pad1aff7306365cca660e516946165a1e">
    <measure number="23">
      <attributes>
        <divisions>10080</divisions>
        <key>
          <fifths>2</fifths>
          <mode>major</mode>
          </key>
        <time>
          <beats>3</beats>
          <beat-type>8</beat-type>
          </time>
        <clef>
          <sign>G</sign>
          <line>2</line>
          </clef>
        </attributes>
      <note>
        <pitch>
          <step>B</step>
          <octave>4</octave>
          </pitch>
        <duration>7560</duration>
        <type>eighth</type>
        <dot />
        <beam number="1">begin</beam>
        </note>
      <note>
        <pitch>
          <step>C</step>
          <alter>1</alter>
          <octave>5</octave>
          </pitch>
        <duration>2520</duration>
        <type>16th</type>
        <accidental>sharp</accidental>
        <beam number="1">continue</beam>
        <beam number="2">begin</beam>
        </note>
      <note>
        <pitch>
          <step>C</step>
          <alter>1</alter>
          <octave>5</octave>
          </pitch>
        <duration>5040</duration>
        <tie type="start" />
        <type>eighth</type>
        <beam number="1">end</beam>
        <notations>
          <tied type="start" />
          </notations>
        </note>
      </measure>
    <measure number="24">
      <attributes />
      <note>
        <pitch>
          <step>C</step>
          <alter>1</alter>
          <octave>5</octave>
          </pitch>
        <duration>2520</duration>
        <tie type="stop" />
        <type>16th</type>
        <beam number="1">begin</beam>
        <beam number="2">forward hook</beam>
        <notations>
          <tied type="stop" />
          </notations>
        </note>
      <note>
        <pitch>
          <step>B</step>
          <octave>4</octave>
          </pitch>
        <duration>5040</duration>
        <type>eighth</type>
        <beam number="1">continue</beam>
        </note>
      <note>
        <pitch>
          <step>F</step>
          <alter>1</alter>
          <octave>4</octave>
          </pitch>
        <duration>2520</duration>
        <type>16th</type>
        <accidental>sharp</accidental>
        <beam number="1">continue</beam>
        <beam number="2">begin</beam>
        </note>
      <note>
        <pitch>
          <step>G</step>
          <alter>1</alter>
          <octave>4</octave>
          </pitch>
        <duration>2520</duration>
        <type>16th</type>
        <accidental>sharp</accidental>
        <beam number="1">continue</beam>
        <beam number="2">continue</beam>
        </note>
      <note>
        <pitch>
          <step>B</step>
          <alter>-1</alter>
          <octave>4</octave>
          </pitch>
        <duration>2520</duration>
        <type>16th</type>
        <accidental>flat</accidental>
        <beam number="1">end</beam>
        <beam number="2">end</beam>
        </note>
      </measure>
    </part>
  </score-partwise>
