<?xml version="1.0" encoding="utf-8"?>
<!DOCTYPE score-partwise
  PUBLIC '-//Recordare//DTD MusicXML 2.0 Partwise//EN'
  'http://www.musicxml.org/dtds/partwise.dtd'>
<score-partwise>
  <movement-title>Music21 Fragment</movement-title>
  <identification>
    <creator type="composer">Music21</creator>
    <encoding>
      <encoding-date>2017-11-20</encoding-date>
      <software>Music21</software>
      </encoding>
    </identification>
  <defaults>
    <scaling>
      <millimeters>7</millimeters>
      <tenths>40</tenths>
      </scaling>
    </defaults>
  <part-list>
    <score-part id="Pc41f6a5176538d8b61975ae76feff294">
      <part-name />
      </score-part>
    </part-list>
  <part id="Pc41f6a5176538d8b61975ae76feff294">
    <measure number="15">
      <attributes>
        <divisions>10080</divisions>
        <time>
          <beats>4</beats>
          <beat-type>4</beat-type>
          </time>
        <clef>
          <sign>G</sign>
          <line>2</line>
          </clef>
        </attributes>
      <note>
        <pitch>
          <step>A</step>
          <octave>4</octave>
          </pitch>
        <duration>2520</duration>
        <type>16th</type>
        <beam number="1">begin</beam>
        <beam number="2">begin</beam>
        </note>
      <note>
        <pitch>
          <step>A</step>
          <octave>5</octave>
          </pitch>
        <duration>2520</duration>
        <type>16th</type>
        <beam number="1">continue</beam>
        <beam number="2">end</beam>
        </note>
      <note>
        <pitch>
          <step>G</step>
          <octave>5</octave>
          </pitch>
        <duration>2520</duration>
        <type>16th</type>
        <beam number="1">continue</beam>
        <beam number="2">begin</beam>
        </note>
      <note>
        <pitch>
          <step>F</step>
          <octave>5</octave>
          </pitch>
        <duration>2520</duration>
        <type>16th</type>
        <beam number="1">end</beam>
        <beam number="2">end</beam>
        </note>
      <note>
        <pitch>
          <step>E</step>
          <octave>5</octave>
          </pitch>
        <duration>2520</duration>
        <type>16th</type>
        <beam number="1">begin</beam>
        <beam number="2">begin</beam>
        </note>
      <note>
        <pitch>
          <step>G</step>
          <octave>5</octave>
          </pitch>
        <duration>2520</duration>
        <type>16th</type>
        <beam number="1">continue</beam>
        <beam number="2">end</beam>
        </note>
      <note>
        <pitch>
          <step>F</step>
          <octave>5</octave>
          </pitch>
        <duration>2520</duration>
        <type>16th</type>
        <beam number="1">continue</beam>
        <beam number="2">begin</beam>
        </note>
      <note>
        <pitch>
          <step>A</step>
          <octave>5</octave>
          </pitch>
        <duration>2520</duration>
        <type>16th</type>
        <beam number="1">end</beam>
        <beam number="2">end</beam>
        </note>
      <note>
        <pitch>
          <step>G</step>
          <octave>5</octave>
          </pitch>
        <duration>20160</duration>
        <tie type="start" />
        <type>half</type>
        <notations>
          <tied type="start" />
          </notations>
        </note>
      </measure>
    <measure number="16">
      <attributes />
      <note>
        <pitch>
          <step>G</step>
          <octave>5</octave>
          </pitch>
        <duration>2520</duration>
        <tie type="stop" />
        <type>16th</type>
        <beam number="1">begin</beam>
        <beam number="2">begin</beam>
        <notations>
          <tied type="stop" />
          </notations>
        </note>
      <note>
        <pitch>
          <step>E</step>
          <octave>5</octave>
          </pitch>
        <duration>2520</duration>
        <type>16th</type>
        <beam number="1">continue</beam>
        <beam number="2">end</beam>
        </note>
      <note>
        <pitch>
          <step>F</step>
          <octave>5</octave>
          </pitch>
        <duration>2520</duration>
        <type>16th</type>
        <beam number="1">continue</beam>
        <beam number="2">begin</beam>
        </note>
      <note>
        <pitch>
          <step>G</step>
          <octave>5</octave>
          </pitch>
        <duration>2520</duration>
        <type>16th</type>
        <beam number="1">end</beam>
        <beam number="2">end</beam>
        </note>
      <note>
        <pitch>
          <step>A</step>
          <octave>5</octave>
          </pitch>
        <duration>2520</duration>
        <type>16th</type>
        <beam number="1">begin</beam>
        <beam number="2">begin</beam>
        </note>
      <note>
        <pitch>
          <step>F</step>
          <octave>5</octave>
          </pitch>
        <duration>2520</duration>
        <type>16th</type>
        <beam number="1">continue</beam>
        <beam number="2">end</beam>
        </note>
      <note>
        <pitch>
          <step>G</step>
          <octave>5</octave>
          </pitch>
        <duration>2520</duration>
        <type>16th</type>
        <beam number="1">continue</beam>
        <beam number="2">begin</beam>
        </note>
      <note>
        <pitch>
          <step>E</step>
          <octave>5</octave>
          </pitch>
        <duration>2520</duration>
        <type>16th</type>
        <beam number="1">end</beam>
        <beam number="2">end</beam>
        </note>
      <note>
        <pitch>
          <step>F</step>
          <octave>5</octave>
          </pitch>
        <duration>20160</duration>
        <tie type="start" />
        <type>half</type>
        <notations>
          <tied type="start" />
          </notations>
        </note>
      </measure>
    </part>
  </score-partwise>
