<?xml version="1.0" encoding="utf-8"?>
<!DOCTYPE score-partwise
  PUBLIC '-//Recordare//DTD MusicXML 2.0 Partwise//EN'
  'http://www.musicxml.org/dtds/partwise.dtd'>
<score-partwise>
  <movement-title>Music21 Fragment</movement-title>
  <identification>
    <creator type="composer">Music21</creator>
    <encoding>
      <encoding-date>2017-11-20</encoding-date>
      <software>Music21</software>
      </encoding>
    </identification>
  <defaults>
    <scaling>
      <millimeters>7</millimeters>
      <tenths>40</tenths>
      </scaling>
    </defaults>
  <part-list>
    <score-part id="P19ca317e226131b9cb07c8accb5e7bb7">
      <part-name>Piano</part-name>
      <part-abbreviation>Pno</part-abbreviation>
      <score-instrument id="I9c20dc5b37c13a96f4ce1e071f69146c">
        <instrument-name>Piano</instrument-name>
        <instrument-abbreviation>Pno</instrument-abbreviation>
        </score-instrument>
      <midi-instrument id="I9c20dc5b37c13a96f4ce1e071f69146c">
        <midi-channel>1</midi-channel>
        <midi-program>1</midi-program>
        </midi-instrument>
      </score-part>
    </part-list>
  <part id="P19ca317e226131b9cb07c8accb5e7bb7">
    <measure number="3">
      <attributes>
        <divisions>10080</divisions>
        <key>
          <fifths>1</fifths>
          <mode>minor</mode>
          </key>
        <time>
          <beats>2</beats>
          <beat-type>2</beat-type>
          </time>
        <clef>
          <sign>G</sign>
          <line>2</line>
          </clef>
        </attributes>
      <note>
        <pitch>
          <step>C</step>
          <octave>5</octave>
          </pitch>
        <duration>10080</duration>
        <type>quarter</type>
        </note>
      <note>
        <pitch>
          <step>B</step>
          <octave>4</octave>
          </pitch>
        <duration>30240</duration>
        <type>half</type>
        <dot />
        </note>
      </measure>
    <measure number="4">
      <attributes />
      <note>
        <pitch>
          <step>C</step>
          <octave>5</octave>
          </pitch>
        <duration>10080</duration>
        <type>quarter</type>
        </note>
      <note>
        <pitch>
          <step>B</step>
          <octave>4</octave>
          </pitch>
        <duration>30240</duration>
        <type>half</type>
        <dot />
        </note>
      </measure>
    </part>
  </score-partwise>
