<?xml version="1.0" encoding="utf-8"?>
<!DOCTYPE score-partwise
  PUBLIC '-//Recordare//DTD MusicXML 2.0 Partwise//EN'
  'http://www.musicxml.org/dtds/partwise.dtd'>
<score-partwise>
  <movement-title>Music21 Fragment</movement-title>
  <identification>
    <creator type="composer">Music21</creator>
    <encoding>
      <encoding-date>2017-11-20</encoding-date>
      <software>Music21</software>
      </encoding>
    </identification>
  <defaults>
    <scaling>
      <millimeters>7</millimeters>
      <tenths>40</tenths>
      </scaling>
    </defaults>
  <part-list>
    <score-part id="P50e595f93509b039a5e82cddbc2fdd56">
      <part-name>Piano</part-name>
      <part-abbreviation>Pno</part-abbreviation>
      <score-instrument id="I44f15b440ddfaddbf423e358d5071377">
        <instrument-name>Piano</instrument-name>
        <instrument-abbreviation>Pno</instrument-abbreviation>
        </score-instrument>
      <midi-instrument id="I44f15b440ddfaddbf423e358d5071377">
        <midi-channel>1</midi-channel>
        <midi-program>1</midi-program>
        </midi-instrument>
      </score-part>
    </part-list>
  <part id="P50e595f93509b039a5e82cddbc2fdd56">
    <measure number="13">
      <attributes>
        <divisions>10080</divisions>
        <key>
          <fifths>1</fifths>
          <mode>minor</mode>
          </key>
        <time>
          <beats>2</beats>
          <beat-type>2</beat-type>
          </time>
        <clef>
          <sign>G</sign>
          <line>2</line>
          </clef>
        </attributes>
      <note>
        <pitch>
          <step>D</step>
          <octave>5</octave>
          </pitch>
        <duration>3360</duration>
        <type>eighth</type>
        <time-modification>
          <actual-notes>3</actual-notes>
          <normal-notes>2</normal-notes>
          <normal-type>eighth</normal-type>
          </time-modification>
        <beam number="1">begin</beam>
        <notations>
          <tuplet bracket="yes" number="1" placement="above" type="start">
            <tuplet-actual>
              <tuplet-number>3</tuplet-number>
              <tuplet-type>eighth</tuplet-type>
              </tuplet-actual>
            <tuplet-normal>
              <tuplet-number>2</tuplet-number>
              <tuplet-type>eighth</tuplet-type>
              </tuplet-normal>
            </tuplet>
          </notations>
        </note>
      <note>
        <pitch>
          <step>C</step>
          <octave>5</octave>
          </pitch>
        <duration>3360</duration>
        <type>eighth</type>
        <time-modification>
          <actual-notes>3</actual-notes>
          <normal-notes>2</normal-notes>
          <normal-type>eighth</normal-type>
          </time-modification>
        <beam number="1">continue</beam>
        </note>
      <note>
        <pitch>
          <step>B</step>
          <octave>4</octave>
          </pitch>
        <duration>3360</duration>
        <type>eighth</type>
        <time-modification>
          <actual-notes>3</actual-notes>
          <normal-notes>2</normal-notes>
          <normal-type>eighth</normal-type>
          </time-modification>
        <beam number="1">end</beam>
        <notations>
          <tuplet number="1" type="stop" />
          </notations>
        </note>
      <note>
        <pitch>
          <step>B</step>
          <octave>4</octave>
          </pitch>
        <duration>30240</duration>
        <type>half</type>
        <dot />
        </note>
      </measure>
    <measure number="14">
      <attributes />
      <note>
        <pitch>
          <step>C</step>
          <octave>5</octave>
          </pitch>
        <duration>10080</duration>
        <type>quarter</type>
        </note>
      <note>
        <pitch>
          <step>B</step>
          <octave>4</octave>
          </pitch>
        <duration>30240</duration>
        <type>half</type>
        <dot />
        </note>
      </measure>
    </part>
  </score-partwise>
