<?xml version="1.0" encoding="utf-8"?>
<!DOCTYPE score-partwise
  PUBLIC '-//Recordare//DTD MusicXML 2.0 Partwise//EN'
  'http://www.musicxml.org/dtds/partwise.dtd'>
<score-partwise>
  <movement-title>Music21 Fragment</movement-title>
  <identification>
    <creator type="composer">Music21</creator>
    <encoding>
      <encoding-date>2017-11-20</encoding-date>
      <software>Music21</software>
      </encoding>
    </identification>
  <defaults>
    <scaling>
      <millimeters>7</millimeters>
      <tenths>40</tenths>
      </scaling>
    </defaults>
  <part-list>
    <score-part id="P32a47e152753ce06d35fa7bb0caa129b">
      <part-name>Piano</part-name>
      <part-abbreviation>Pno</part-abbreviation>
      <score-instrument id="Ie79bcdb5e1d82f396fd7658d7c9fdd6e">
        <instrument-name>Piano</instrument-name>
        <instrument-abbreviation>Pno</instrument-abbreviation>
        </score-instrument>
      <midi-instrument id="Ie79bcdb5e1d82f396fd7658d7c9fdd6e">
        <midi-channel>1</midi-channel>
        <midi-program>1</midi-program>
        </midi-instrument>
      </score-part>
    </part-list>
  <part id="P32a47e152753ce06d35fa7bb0caa129b">
    <measure number="9">
      <attributes>
        <divisions>10080</divisions>
        <key>
          <fifths>1</fifths>
          <mode>minor</mode>
          </key>
        <time>
          <beats>2</beats>
          <beat-type>2</beat-type>
          </time>
        <clef>
          <sign>G</sign>
          <line>2</line>
          </clef>
        </attributes>
      <note>
        <pitch>
          <step>G</step>
          <alter>1</alter>
          <octave>4</octave>
          </pitch>
        <duration>20160</duration>
        <type>half</type>
        <accidental>sharp</accidental>
        </note>
      <note>
        <pitch>
          <step>A</step>
          <octave>4</octave>
          </pitch>
        <duration>5040</duration>
        <type>eighth</type>
        <beam number="1">begin</beam>
        </note>
      <note>
        <pitch>
          <step>B</step>
          <octave>4</octave>
          </pitch>
        <duration>5040</duration>
        <type>eighth</type>
        <beam number="1">continue</beam>
        </note>
      <note>
        <pitch>
          <step>D</step>
          <octave>5</octave>
          </pitch>
        <duration>5040</duration>
        <type>eighth</type>
        <beam number="1">continue</beam>
        </note>
      <note>
        <pitch>
          <step>C</step>
          <octave>5</octave>
          </pitch>
        <duration>5040</duration>
        <type>eighth</type>
        <beam number="1">end</beam>
        </note>
      </measure>
    <measure number="10">
      <attributes />
      <note>
        <pitch>
          <step>E</step>
          <octave>4</octave>
          </pitch>
        <duration>5040</duration>
        <type>eighth</type>
        <beam number="1">begin</beam>
        </note>
      <note>
        <pitch>
          <step>A</step>
          <octave>4</octave>
          </pitch>
        <duration>5040</duration>
        <type>eighth</type>
        <beam number="1">end</beam>
        </note>
      <note>
        <pitch>
          <step>F</step>
          <alter>1</alter>
          <octave>4</octave>
          </pitch>
        <duration>30240</duration>
        <type>half</type>
        <dot />
        <accidental>sharp</accidental>
        </note>
      </measure>
    </part>
  </score-partwise>
