<?xml version="1.0" encoding="utf-8"?>
<!DOCTYPE score-partwise
  PUBLIC '-//Recordare//DTD MusicXML 2.0 Partwise//EN'
  'http://www.musicxml.org/dtds/partwise.dtd'>
<score-partwise>
  <movement-title>Music21 Fragment</movement-title>
  <identification>
    <creator type="composer">Music21</creator>
    <encoding>
      <encoding-date>2017-11-20</encoding-date>
      <software>Music21</software>
      </encoding>
    </identification>
  <defaults>
    <scaling>
      <millimeters>7</millimeters>
      <tenths>40</tenths>
      </scaling>
    </defaults>
  <part-list>
    <score-part id="Pd3fc01df775eedd30dd88b827aa63941">
      <part-name>Piano</part-name>
      <part-abbreviation>Pno</part-abbreviation>
      <score-instrument id="I849b11f9df8dade771d25961071665f1">
        <instrument-name>Piano</instrument-name>
        <instrument-abbreviation>Pno</instrument-abbreviation>
        </score-instrument>
      <midi-instrument id="I849b11f9df8dade771d25961071665f1">
        <midi-channel>1</midi-channel>
        <midi-program>1</midi-program>
        </midi-instrument>
      </score-part>
    </part-list>
  <part id="Pd3fc01df775eedd30dd88b827aa63941">
    <measure number="1">
      <attributes>
        <divisions>10080</divisions>
        <key>
          <fifths>1</fifths>
          <mode>minor</mode>
          </key>
        <time>
          <beats>2</beats>
          <beat-type>2</beat-type>
          </time>
        <clef>
          <sign>G</sign>
          <line>2</line>
          </clef>
        </attributes>
      <direction>
        <direction-type>
          <metronome parentheses="no">
            <beat-unit>quarter</beat-unit>
            <per-minute>72</per-minute>
            </metronome>
          </direction-type>
        <sound tempo="72" />
        </direction>
      <note>
        <pitch>
          <step>B</step>
          <octave>3</octave>
          </pitch>
        <duration>7560</duration>
        <type>eighth</type>
        <dot />
        <beam number="1">begin</beam>
        </note>
      <note>
        <pitch>
          <step>B</step>
          <octave>4</octave>
          </pitch>
        <duration>2520</duration>
        <type>16th</type>
        <beam number="1">end</beam>
        <beam number="2">backward hook</beam>
        </note>
      <note>
        <pitch>
          <step>B</step>
          <octave>4</octave>
          </pitch>
        <duration>30240</duration>
        <type>half</type>
        <dot />
        </note>
      </measure>
    <measure number="2">
      <attributes />
      <note>
        <pitch>
          <step>C</step>
          <octave>5</octave>
          </pitch>
        <duration>10080</duration>
        <type>quarter</type>
        </note>
      <note>
        <pitch>
          <step>B</step>
          <octave>4</octave>
          </pitch>
        <duration>30240</duration>
        <type>half</type>
        <dot />
        </note>
      </measure>
    </part>
  </score-partwise>
