<?xml version="1.0" encoding="utf-8"?>
<!DOCTYPE score-partwise
  PUBLIC '-//Recordare//DTD MusicXML 2.0 Partwise//EN'
  'http://www.musicxml.org/dtds/partwise.dtd'>
<score-partwise>
  <movement-title>Music21 Fragment</movement-title>
  <identification>
    <creator type="composer">Music21</creator>
    <encoding>
      <encoding-date>2017-11-20</encoding-date>
      <software>Music21</software>
      </encoding>
    </identification>
  <defaults>
    <scaling>
      <millimeters>7</millimeters>
      <tenths>40</tenths>
      </scaling>
    </defaults>
  <part-list>
    <score-part id="Pfafd1389f3a9d47b2fad142df9e9d755">
      <part-name>Piano</part-name>
      <part-abbreviation>Pno</part-abbreviation>
      <score-instrument id="I6aab8c77f219854a6e794c5baf347d43">
        <instrument-name>Piano</instrument-name>
        <instrument-abbreviation>Pno</instrument-abbreviation>
        </score-instrument>
      <midi-instrument id="I6aab8c77f219854a6e794c5baf347d43">
        <midi-channel>1</midi-channel>
        <midi-program>1</midi-program>
        </midi-instrument>
      </score-part>
    </part-list>
  <part id="Pfafd1389f3a9d47b2fad142df9e9d755">
    <measure number="23">
      <attributes>
        <divisions>10080</divisions>
        <key>
          <fifths>1</fifths>
          <mode>minor</mode>
          </key>
        <time>
          <beats>2</beats>
          <beat-type>2</beat-type>
          </time>
        <clef>
          <sign>G</sign>
          <line>2</line>
          </clef>
        </attributes>
      <note>
        <pitch>
          <step>F</step>
          <alter>1</alter>
          <octave>4</octave>
          </pitch>
        <duration>10080</duration>
        <type>quarter</type>
        <accidental>sharp</accidental>
        </note>
      <note>
        <pitch>
          <step>E</step>
          <octave>4</octave>
          </pitch>
        <duration>20160</duration>
        <type>half</type>
        </note>
      <barline location="right">
        <bar-style>light-heavy</bar-style>
        </barline>
      </measure>
    </part>
  </score-partwise>
